set,target,files,encoded,exact,short,lossless,skipped,errors,crashes,checked,psnr_mean,psnr_min,psnr_max,max_error,time_median
kodak,90%,24,24,24,0,0,0,0,0,24,55.19,54.25,57.10,1,7.0
kodak,75%,24,24,24,0,0,0,0,0,24,51.21,50.47,52.57,2,6.9
clic,90%,8,8,8,0,0,0,0,0,8,56.29,54.66,57.58,1,37.1
clic,75%,8,8,8,0,0,0,0,0,8,52.11,50.63,53.06,1,45.3
usc-sipi,90%,12,12,12,0,0,0,0,0,12,54.02,53.69,54.55,1,1.0
usc-sipi,75%,12,12,12,0,0,0,0,0,12,50.46,50.00,51.42,2,1.2
screenshots,90%,16,16,16,0,0,0,0,0,16,59.72,47.63,64.38,17,7.6
screenshots,75%,16,16,16,0,0,0,0,0,16,50.66,44.71,56.62,12,11.6
synthetic,90%,8,8,7,0,1,0,0,0,8,56.77,48.40,62.10,7,41.9
synthetic,75%,8,8,7,0,1,0,0,0,8,45.05,33.91,52.51,31,55.9
pngsuite,90%,176,76,63,0,0,0,100,0,76,32.26,4.14,56.92,254,0.1
apng,90%,1,1,1,0,0,0,0,0,1,57.34,57.34,57.34,4,1.6
apng,75%,1,1,1,0,0,0,0,0,1,51.62,51.62,51.62,2,2.2
