method,setting,bytes,pct_of_source,psnr,max_error
JPEG 4:4:4,q50,585371,4.830161172326806,37.705,68
JPEG 4:4:4,q70,831555,6.8615368264813545,38.890,46
JPEG 4:4:4,q80,1091571,9.007046575655343,39.644,36
JPEG 4:4:4,q85,1342527,11.077798162533487,40.199,30
JPEG 4:4:4,q90,1812874,14.958844228909163,40.992,27
JPEG 4:4:4,q93,2344591,19.346281953132078,41.867,26
JPEG 4:4:4,q95,3066783,25.30541514791802,43.032,23
JPEG 4:4:4,q97,4229929,34.90305945716332,45.363,17
JPEG 4:4:4,q98,4906077,40.482262759592764,47.192,13
JPEG 4:4:4,q99,6446556,53.19345250521533,49.205,7
JPEG 4:4:4,q100,8359741,68.9800082151464,51.049,5
WebP,q50,309374,2.552784956083293,36.603,42
WebP,q70,425350,3.5097554450924404,37.541,36
WebP,q80,602184,4.968892848119304,38.403,36
WebP,q85,879432,7.256591631805654,39.485,32
WebP,q90,1365284,11.265576473721845,41.019,30
WebP,q95,2337720,19.289586220998,44.025,31
WebP,q98,2939276,24.253297156763907,45.697,27
WebP,q100,3198792,26.394681179541877,46.217,27
uniform ladder (demo video),t0,12202549,100.68875701600402,inf,0
uniform ladder (demo video),t0.05,11928369,98.42637368948364,62.826,2
uniform ladder (demo video),t0.1,11689004,96.45126469191798,59.800,2
uniform ladder (demo video),t0.2,11253805,92.86024068827678,56.790,2
uniform ladder (demo video),t0.3,10873811,89.72473813601992,55.045,2
uniform ladder (demo video),t0.4,10473418,86.42091419825832,53.800,2
uniform ladder (demo video),t0.5,10047672,82.90789117786024,52.839,2
uniform ladder (demo video),t0.6,9589138,79.12431952331687,52.053,2
uniform ladder (demo video),t0.7,9094347,75.04157494489267,51.387,2
uniform ladder (demo video),t0.8,8520081,70.30304615582142,50.806,2
uniform ladder (demo video),t0.9,7859415,64.85159184551829,50.284,2
uniform ladder (demo video),t1,7127605,58.81309617777854,49.662,2
uniform ladder (demo video),t1.25,6909410,57.01267043582028,47.938,4
uniform ladder (demo video),t1.5,6632578,54.72840425649542,46.735,4
uniform ladder (demo video),t1.75,6164807,50.86861393251203,45.804,4
uniform ladder (demo video),t2,5381804,44.4077016419896,44.857,4
uniform ladder (demo video),t2.5,5199832,42.906168274517256,43.163,6
uniform ladder (demo video),t3,4347636,35.874313210955485,41.909,6
uniform ladder (demo video),t3.5,4264399,35.1874870349048,40.686,8
uniform ladder (demo video),t4,3591616,29.63604987112056,39.816,8
uniform ladder (demo video),t5,2995148,24.71432232716053,38.226,10
uniform ladder (demo video),t6,2532356,20.895615986628687,36.944,12
uniform ladder (demo video),t7,2175660,17.952355781520673,35.857,14
uniform ladder (demo video),t8,1892872,15.618943949366445,34.890,16
uniform ladder (demo video),t10,1500784,12.383648327042701,33.179,20
uniform ladder (demo video),t12,1235052,10.190973273709435,31.676,24
uniform ladder (demo video),t14,1039284,8.575602863518165,30.195,28
uniform ladder (demo video),t16,886024,7.310985208610754,29.014,32
uniform ladder (demo video),t20,676261,5.580135716594942,27.103,40
uniform ladder (demo video),t24,535171,4.415938242166607,25.468,48
uniform ladder (demo video),t28,435254,3.5914778335447632,24.211,56
uniform ladder (demo video),t32,358257,2.95614072291638,22.806,64
uniform ladder (demo video),t40,272174,2.24583091221956,20.866,80
uniform ladder (demo video),t48,205580,1.696333664986726,19.116,96
uniform ladder (demo video),t56,161063,1.3290037410436668,17.597,112
uniform ladder (demo video),t64,114913,0.9481991946912133,14.666,128
uniform ladder (demo video),t72,70260,0.5797470731684374,13.275,144
uniform ladder (demo video),t80,61326,0.5060285939243893,12.878,160
uniform ladder (demo video),t88,54305,0.44809514387150573,12.369,176
uniform ladder (demo video),t96,48686,0.4017302306330564,11.267,192
uniform ladder (demo video),t104,41516,0.3425673141141595,10.946,208
uniform ladder (demo video),t112,37719,0.3112365478627995,10.080,224
uniform ladder (demo video),t120,35930,0.2964746988178474,9.089,240
uniform ladder (demo video),t127,34679,0.28615213137501055,7.990,254
AVIF 4:4:4,q50,324714,2.6793622419131222,37.588,68
AVIF 4:4:4,q70,747018,6.163983761801021,39.653,32
AVIF 4:4:4,q80,1166316,9.62380141459606,41.033,32
AVIF 4:4:4,q85,1419398,11.712095590110073,41.795,30
AVIF 4:4:4,q90,2149263,17.734542182169303,44.204,28
AVIF 4:4:4,q95,3135406,25.871654592865895,46.679,20
AVIF 4:4:4,q98,3965192,32.718594599358134,47.985,13
AVIF 4:4:4,q99,4732122,39.04688128915417,48.886,9
pngfit (exact size),exact,11513124,94.99999917485472,58.973,1
pngfit (exact size),exact,10907170,89.99999834970944,56.114,1
pngfit (exact size),exact,10485760,86.52275362861762,54.928,1
pngfit (exact size),exact,8483355,70.00000330058111,51.364,1
pngfit (exact size),exact,6059539,50.0,46.341,2
pngfit (exact size),exact,4241677,34.999997524564165,41.618,4
pngfit (exact size),exact,2423816,20.000003300581117,36.791,7
pngfit (exact size),exact,1211908,10.000001650290558,31.473,16
pngfit (exact size),exact,605954,5.000000825145279,25.891,31
